parti;groupe;
non mentionné;Indépendant/micro-partis;
Parti communiste français;Extrême-gauche;
Parti socialiste;Gauche;
Rassemblement pour la République;Droite gaulliste;
Union pour la démocratie française;Droite libérale;
Front national;Extrême-droite;
Lutte ouvrière;Extrême-gauche;
Mouvement des radicaux de gauche;Centre gauche;
Parti socialiste unifié;Gauche;
Union des républicains de progrès;Droite gaulliste;
Génération écologie;Ecologiste;
Verts;Ecologiste;
Nouveaux écologistes du rassemblement nature et animaux;Ecologiste;
Parti républicain;Droite libérale;
Mouvement réformateur;Centre;
Centre des démocrates sociaux;Centre droit;
Centre national des indépendants;Droite libérale;
Centre national des indépendants et paysans;Droite libérale;
Républicains indépendants;Droite libérale;
Ligue communiste révolutionnaire;Extrême-gauche;
Radicaux de gauche;Centre gauche;
Centre Démocratie et Progrès;Centre droit;
Union des démocrates pour la République;Droite gaulliste;
indépendant;Indépendant/micro-partis;
Parti radical-socialiste;Centre gauche;
Centre démocrate;Centre droit;
Parti radical;Centre droit;
Mouvement des démocrates;Centre gauche;
Démocratie chrétienne;Centre;
Parti de la loi naturelle;Indépendant/micro-partis;
Parti des forces nouvelles;Extrême-droite;
Parti ouvrier européen;Extrême-gauche;
Centre démocrate et républicain;Centre;
Parti des travailleurs;Extrême-gauche;
Mouvement universaliste;Ecologiste;
Parti pour la défense des animaux;Ecologiste;
Union nationale écologiste;Ecologiste;
Ligue communiste;Extrême-gauche;
Mouvement pour une alternative non-violente;Extrême-gauche;
Alliance républicaine indépendante et libérale;Droite libérale;
Ecologie les Verts;Ecologiste;
Union des indépendants;Droite libérale;
Parti socialiste démocrate;Gauche;
Union des gaullistes de progrès;Droite gaulliste;
sans étiquette;Indépendant/micro-partis;
Alliance populaire;Extrême-droite;
Démocratie chrétienne française;Centre droit;
Mouvement des citoyens;Extrême-droite;
Solidarité écologie gauche alternative;Ecologiste;
Union démocratique bretonne;Régionaliste/Autonomiste;
Réformateurs;Centre;
Organisation communiste des travailleurs;Extrême-gauche;
libre;Indépendant/micro-partis;
Mouvement des réformateurs;Centre;
Mouvement de la gauche radicale;Gauche;
Union des jeunes pour le progrès;Droite gaulliste;
Mouvement pour le socialisme par la participation;Droite gaulliste;
Choisir la cause des femmes;Extrême-gauche;
Alliance pour l'écologie et la démocratie;Ecologiste;
Alliance européenne des travailleurs;Extrême-gauche;
Amis de la Terre;Ecologiste;
Centre républicain;Centre;
Front progressiste;Indépendant/micro-partis;
marxistes-léninistes;Extrême-gauche;
Mouvement démocrate socialiste de France;Centre gauche;
SOS Environnement;Ecologiste;
Fédération des républicains de progrès;Droite gaulliste;
Union des Français de bon sens;Droite libérale;
Réformateur;Centre;
socialiste;Gauche;
Socialiste;Gauche;
Alternative rouge et verte;Extrême-gauche;
indépendants;Indépendant/micro-partis;
Union des démocrates pour la Ve République;Droite gaulliste;
Républicains de progrès;Droite gaulliste;
aucun parti politique;Indépendant/micro-partis;
Parti social démocrate;Centre gauche;
gaulliste;Droite gaulliste;
Parti fédéraliste européen;Régionaliste/Autonomiste;
Parti breton Strollad ar vro;Régionaliste/Autonomiste;
Radical-socialiste;Centre gauche;
centriste;Centre;
communistes fidèles au marxisme-léninisme et à la pensée de Mao Tsé-toung;Extrême-gauche;
Comités communistes autogestionnaires;Extrême-gauche;
Parti du ras le bol;Extrême-droite;
socialistes;Gauche;
Parti Radical;Centre gauche;
non inscrit;Indépendant/micro-partis;
Union travailliste;Indépendant/micro-partis;
divers droite;Droite libérale;
écologiste;Ecologiste;
Radicaux;Centre gauche;
Entente internationale des travailleurs;Extrême-gauche;
Organisation communiste internationaliste;Extrême-gauche;
Alliance des jeunes pour le socialisme;Gauche;
Chasse pêche nature traditions;Action spécifique;
Parti libéral de France;Droite libérale;
écologistes;Ecologiste;
Nouveau Contrat Social;Centre droit;
Comités Juquin;Indépendant/micro-partis;
Présence socialiste;Gauche;
Rassemblement des usagers du service public et des contribuables;Action spécifique;
Mouvement démocrate socialiste;Centre gauche;
Alternative démocratie socialisme;Extrême-gauche;
Action républicaine indépendante et libérale;Droite libérale;
Radicaux-socialistes;Centre gauche;
Comités communistes pour l'autogestion;Extrême-gauche;
Coordination rurale;Action spécifique;
Gauche radicale;Gauche;
Collectif du monde rural pour le non à Maastricht;Action spécifique;
non inscrits;Indépendant/micro-partis;
communiste;Extrême-gauche;
Confédération générale du travail;Extrême-gauche;
sans parti politique;Indépendant/micro-partis;
Syndicat national de défense du droit des agriculteurs;Action spécifique;
Chrétiens démocrates;Centre droit;
Union démocratique du travail;Centre gauche;
centristes;Centre;
Républicain indépendant;Droite libérale;
Entente républicaine et radicale du Sud-Ouest;Centre gauche;
socialiste indépendant;Gauche;
Radical;Centre gauche;
Ligue communiste section française de la quatrième internationale;Extrême-gauche;
Collège pour une société de participation;Droite gaulliste;
républicain;Droite gaulliste;
communistes;Extrême-gauche;
Radical de gauche;Centre gauche;
Indépendants;Indépendant/micro-partis;
Comités d'initiative pour une nouvelle politique à gauche;Gauche;
gauche;Gauche;
Centre des républicains libres;Droite libérale;
Centre;Centre;
Refondations;Indépendant/micro-partis;
Parti féministe;Action spécifique;
Région verte;Indépendant/micro-partis;
gaulliste indépendant;Droite gaulliste;
Mouvement pour le désarmement la paix la liberté;Action spécifique;
Socialistes;Gauche;
Mouvement écologique;Ecologiste;
libéral;Droite libérale;
Ecologie et survie mouvement d'écologie politique alsacien;Ecologiste;
Nouvelle solidarité;Gauche;
apolitique;Indépendant/micro-partis;
Parti communiste réunionnais;Régionaliste/Autonomiste;
libres;Indépendant/micro-partis;
Progrès et démocratie moderne;Centre;
hors des partis politiques;Indépendant/micro-partis;
Parti communiste guadeloupéen;Régionaliste/Autonomiste;
Centre féminin d'études et d'information Femmes Avenir;Action spécifique;
Union pour une politique nouvelle;Indépendant/micro-partis;
Parti communiste révolutionnaire;Extrême-gauche;
Nouveau contrat social;Centre;
Confédération française démocratique du travail;Extrême-gauche;
SOS environnement;Ecologiste;
Combat ouvrier;Extrême-gauche;
Démocrates de progrès;Centre;
Mouvement de la gauche radicale-socialiste;Centre gauche;
Mouvement solidarité participation;Indépendant/micro-partis;
Centre gauche;Centre gauche;
centre;Centre;
Lutte occitane;Régionaliste/Autonomiste;
Union du centre;Centre;
Mouvement des démocrates socialistes;Centre gauche;
Action royaliste;Extrême-droite;
Front des jeunes progressistes;Centre gauche;
Union des démocrates de progrès;Centre;
Union gaulliste pour la démocratie;Droite gaulliste;
hors des partis;Indépendant/micro-partis;
écologiste indépendant;Ecologiste;
écologistes indépendants des partis politiques;Ecologiste;
Progrès et Liberté;Indépendant/micro-partis;
Verts alternatifs;Ecologiste;
Solidarités écologie;Ecologiste;
Ordre nouveau;Extrême-droite;
Gaullistes de progrès;Droite gaulliste;
Mouvement pour une nouvelle humanité;Indépendant/micro-partis;
Clubs Perspectives et réalités;Indépendant/micro-partis;
Association des usagers de l'administration et des services publics;Indépendant/micro-partis;
Organisation des communistes travailleurs;Extrême-gauche;
Fédération radicale-socialiste;Centre gauche;
Alsace d'abord;Régionaliste/Autonomiste;
Parti communiste martiniquais;Régionaliste/Autonomiste;
Centre féminin d'études et d'information;Action spécifique;
Indépendants et paysans;Action spécifique;
Ligue des droits de l'Homme;Action spécifique;
radical indépendant;Centre gauche;
Fédération de l'Education nationale;Action spécifique;
Fédération nationale des républicains indépendants;Droite libérale;
Chrétiens pour un monde nouveau;Indépendant/micro-partis;
démocrate;Centre droit;
Présence et action du gaullisme;Droite gaulliste;
Comité de liaison d'action locale et régionale;Indépendant/micro-partis;
Parti radical et radical-socialiste;Centre gauche;
Humaniste;Indépendant/micro-partis;
Mouvement pour l'autodétermination;Régionaliste/Autonomiste;
Nice écologie;Indépendant/micro-partis;
Mouvement pour une écologie socialiste autogérée;Extrême-gauche;
Fédération socialiste;Gauche;
Volèm viure al païs;Régionaliste/Autonomiste;
communiste marxiste-léniniste;Extrême-gauche;
Corsica Nazione;Régionaliste/Autonomiste;
Mouvement de la gauche progressiste;Gauche;
Fédération des élus autogestionnaires;Extrême-gauche;
Centre progrès et démocratie moderne;Centre droit;
Parti libéral;Droite libérale;
Centriste réformateur;Centre;
Ia mana te nunaa;Régionaliste/Autonomiste;
Alternative;Indépendant/micro-partis;
Parti socialiste-démocrate;Gauche;
Jura écologie;Ecologiste;
Comité anti-pollution;Ecologiste;
Mouvement des gaullistes populaires;Droite gaulliste;
Groupe Révolution socialiste;Extrême-gauche;
Mouvement normand;Régionaliste/Autonomiste;
Centre national et républicain;Centre droit;
Groupe écologique;Ecologiste;
Comité Larzac;Action spécifique;
républicains;Droite gaulliste;
Gaulliste de progrès;Droite gaulliste;
Union centriste;Centre;
aucune appartenance politique;Indépendant/micro-partis;
Mouvement démocratie alsacienne;Indépendant/micro-partis;
Mouvement radical;Centre gauche;
abertzale;Régionaliste/Autonomiste;
Comité écologique;Ecologiste;
Gauche radicale-socialiste;Gauche;
Parti social-démocrate;Gauche;
Mouvement rouge et vert;Extrême-gauche;
Comité central bonapartiste;Extrême-droite;
Confédération syndicale du cadre de vie;Régionaliste/Autonomiste;
démocrates;Centre;
droite;Droite libérale;
Parti démocrate français;Indépendant/micro-partis;
Anjou écologie autogestion;Ecologiste;
Rassemblement des radicaux de gauche de l'Essonne;Centre gauche;
Front indépendantiste;Régionaliste/Autonomiste;
Parti vert;Ecologiste;
Démocrate de progrès;Indépendant/micro-partis;
Rassemblement pour la Calédonie dans la République;Régionaliste/Autonomiste;
Parti libéral européen;Action spécifique;
Cercle républicain;Indépendant/micro-partis;
Union du peuple de France;Indépendant/micro-partis;
Union civique;Ecologiste;
Comité d'étude et de liaison des intérêts bretons;Régionaliste/Autonomiste;
Fédération des usagers des transports;Action spécifique;
Union des réformateurs;Indépendant/micro-partis;
Collectif havrais d'écologie;Ecologiste;
Union des associations et comités pour l'environnement de Paris;Ecologiste;
Comité anti-nucléaire;Action spécifique;
Paris écologie;Ecologiste;
Républicain de progrès;Droite libérale;
gaullistes de gauche;Centre gauche;
gauche républicaine libérale;Droite gaulliste;
sans appartenance politique;Indépendant/micro-partis;
Demain l'écologie;Ecologiste;
Centre réformateur;Centre;
Démocrates chrétiens;Centre droit;
Groupe Femmes;Action spécifique;
Clubs Perspectives et Réalités;Indépendant/micro-partis;
libéraux;Droite libérale;
centre indépendant;Centre;
royaliste;Extrême-droite;
Comité Sauver Paris;Indépendant/micro-partis;
Convergences et démocratie;Indépendant/micro-partis;
Centre démocrate et réformateur;Centre droit;
Abertzaleen batasuna;Régionaliste/Autonomiste;
Jeunesses communistes révolutionnaires;Extrême-gauche;
Union de la jeunesse et des créateurs;Action spécifique;
gaullistes;Droite gaulliste;
Unitat catalana;Régionaliste/Autonomiste;
Union des démocrates chrétiens;Centre droit;
Ecologie 92;Ecologiste;
Ecologie citoyenneté et laïcité;Centre gauche;
Centre d'études politiques écologiques et sociales;Ecologiste;
Initiatives 92;Indépendant/micro-partis;
Union du Centre;Indépendant/micro-partis;
Démocrates Ve République;Indépendant/micro-partis;
Mouvement Femmes-Avenir;Indépendant/micro-partis;
Mouvement progressiste guadeloupéen;Indépendant/micro-partis;
Groupe Union et défense;Indépendant/micro-partis;
Fédération du Parti socialiste;Indépendant/micro-partis;
Mouvement socialiste guadeloupéen;Indépendant/micro-partis;
Mouvement des démocrates sociaux;Indépendant/micro-partis;
Association de défense de la famille en Yvelines;Indépendant/micro-partis;
Gaullistes d'opposition;Indépendant/micro-partis;
Groupe Réalisme et efficacité;Indépendant/micro-partis;
divers modérés;Indépendant/micro-partis;
Meudon écologie;Indépendant/micro-partis;
Démocrates sociaux;Indépendant/micro-partis;
Club Louise-Michel;Indépendant/micro-partis;
Progrès et liberté;Indépendant/micro-partis;
Union royaliste tourangelle;Indépendant/micro-partis;
giscardiens;Indépendant/micro-partis;
Entente des démocrates bretons;Indépendant/micro-partis;
Trop d'immigrés la France aux Français;Indépendant/micro-partis;
Rennes autogestion socialiste;Indépendant/micro-partis;
Gaullistes de progrès et d'opposition;Indépendant/micro-partis;
Démocrates socialistes;Indépendant/micro-partis;
Comité d'études pour un Nouveau Contrat Social;Indépendant/micro-partis;
Union pour la défense et illustration de Paris;Indépendant/micro-partis;
Mouvement de la gauche indépendante;Indépendant/micro-partis;
Mouvement anarchiste non-violent;Indépendant/micro-partis;
Parti fédéraliste européen de France;Indépendant/micro-partis;
Mouvement des démocrates socialistes de France;Indépendant/micro-partis;
Ecologie 2000;Indépendant/micro-partis;
Union savoyarde des républicains de progrès;Indépendant/micro-partis;
Clubs Ciel et Terre;Indépendant/micro-partis;
Vallée de la Lys-Nature;Indépendant/micro-partis;
Nord-Nature;Indépendant/micro-partis;
Groupement de recherche et d'action non violence;Indépendant/micro-partis;
Te taata Tahiti tiama;Indépendant/micro-partis;
Mouvement socialiste occitan;Indépendant/micro-partis;
droite libérale;Indépendant/micro-partis;
Entente républicaine du Sud-Ouest;Indépendant/micro-partis;
radicaux-travaillistes;Indépendant/micro-partis;
Front autonomiste de libération;Indépendant/micro-partis;
Mouvement social chrétien;Indépendant/micro-partis;
Mouvement des enseignants libéraux;Indépendant/micro-partis;
Groupe de recherche et d'action non violente;Indépendant/micro-partis;
Unio catalana per l'autonomia;Indépendant/micro-partis;
Euskal herriko alderdi sozialista;Indépendant/micro-partis;
Coordination pour une alternative révolutionnaire;Indépendant/micro-partis;
Société pour l'étude la protection et l'aménagement de la nature dans le Sud-Ouest;Indépendant/micro-partis;
Groupe écologie;Indépendant/micro-partis;
Mouvement démocratie chrétienne;Indépendant/micro-partis;
Démocrate socialiste;Indépendant/micro-partis;
indépendants radicaux écologistes;Indépendant/micro-partis;
Information pour les droits des soldats;Indépendant/micro-partis;
Parti communiste marxiste-léniniste;Indépendant/micro-partis;
Comité français pour l'union paneuropéenne;Indépendant/micro-partis;
Parti de la Jeune République;Indépendant/micro-partis;
Démocrates Chrétiens;Indépendant/micro-partis;
centre gauche;Indépendant/micro-partis;
Parti socialiste martiniquais;Indépendant/micro-partis;
Comité pour l'autogestion socialiste;Indépendant/micro-partis;
Parti progressiste martiniquais;Indépendant/micro-partis;
centriste de progrès;Indépendant/micro-partis;
Vosges écologie;Indépendant/micro-partis;
Fédération des gaullistes de progrès;Indépendant/micro-partis;
Tahoeraa Huiraatira;Indépendant/micro-partis;
Mouvement social démocrate polynésien;Indépendant/micro-partis;
Union des libéraux indépendants;Indépendant/micro-partis;
gaulliste de rassemblement et d'union pour la 5e République;Indépendant/micro-partis;
Alternative pour une démocratie sociale;Indépendant/micro-partis;
Groupe chrétien démocrate;Indépendant/micro-partis;
Mouvement social-démocrate;Indépendant/micro-partis;
Centre des démocrates de progrès;Indépendant/micro-partis;
Fédération pour une nouvelle société calédonienne;Indépendant/micro-partis;
Faatereraa tiama o polinesia maohi;Indépendant/micro-partis;
Taatiraa Polynesia Entente polynésienne;Indépendant/micro-partis;
Association des démocrates;Indépendant/micro-partis;
centre droit;Indépendant/micro-partis;
Fédération nationale des indépendants;Indépendant/micro-partis;
Mouvement des libéraux de progrès;Indépendant/micro-partis;
social;Indépendant/micro-partis;
socialistes indépendants;Indépendant/micro-partis;
Socialistes humanistes;Indépendant/micro-partis;
Mouvement travail patrie;Indépendant/micro-partis;
Parti national démocrate;Indépendant/micro-partis;
Entente populaire indépendante;Indépendant/micro-partis;
Union centriste républicaine;Indépendant/micro-partis;
Front travailliste;Indépendant/micro-partis;
Républicain populaire;Indépendant/micro-partis;
Républicain indépendant social;Indépendant/micro-partis;
Démocrate Ve République;Indépendant/micro-partis;
Démocrate Ve;Indépendant/micro-partis;
Mouvement femme avenir Centre féminin d'études et d'informations;Indépendant/micro-partis;
apolitiques;Indépendant/micro-partis;
autogestionnaire;Indépendant/micro-partis;
Union des vieux de France;Indépendant/micro-partis;
Fédération des oeuvres laïques;Indépendant/micro-partis;
Mouvement européen;Indépendant/micro-partis;
Centre indépendant;Indépendant/micro-partis;
Ligue communiste section de la quatrième internationale;Indépendant/micro-partis;
Cercle liberté et humanisme;Indépendant/micro-partis;
Verts associatifs;Indépendant/micro-partis;
Rassemblement pour l'Europe fédérale;Indépendant/micro-partis;
Parti occitan;Indépendant/micro-partis;
Génération verte;Indépendant/micro-partis;
France plus;Indépendant/micro-partis;
Mouvement national progrès et liberté;Indépendant/micro-partis;
radical-socialiste;Indépendant/micro-partis;
Union centriste des démocrates de progrès;Indépendant/micro-partis;
Comités républicains;Indépendant/micro-partis;
Agir;Indépendant/micro-partis;
Accolta Naziunali Corsa;Indépendant/micro-partis;
Périgord Expansion;Indépendant/micro-partis;
Extrême-Centre;Indépendant/micro-partis;
social-démocrate;Indépendant/micro-partis;
Union des écologistes;Indépendant/micro-partis;
Espoirs 93;Indépendant/micro-partis;
Solidarités;Indépendant/micro-partis;
Eusko alkartasuna;Indépendant/micro-partis;
Femme avenir;Indépendant/micro-partis;
Moselle debout;Indépendant/micro-partis;
Association pour les libertés en Europe;Indépendant/micro-partis;
Démocrates Ve;Indépendant/micro-partis;
Front national des rapatriés;Indépendant/micro-partis;
Politique autrement;Indépendant/micro-partis;
Clubs perspectives et réalités;Indépendant/micro-partis;
divers gauche;Indépendant/micro-partis;
Des villages dans la ville;Indépendant/micro-partis;
Ecologie et solidarités multiculturelles;Indépendant/micro-partis;
Mouvement communautaire juif laïc;Indépendant/micro-partis;
France cultures Islam et laïcité;Indépendant/micro-partis;
Dialogues-Cultures et identités;Indépendant/micro-partis;
Comité de soutien à la coopérative écologique;Indépendant/micro-partis;
Planning familial;Indépendant/micro-partis;
Acampado per la recounquisto de provenço Païs d'Oc;Indépendant/micro-partis;
Républicains de progrès de Léo Hamon;Indépendant/micro-partis;
Initiative socialiste et républicaine;Indépendant/micro-partis;
Association des Comités Malville;Indépendant/micro-partis;
Socialiste-démocrate;Indépendant/micro-partis;
Association pour la sauvegarde des sites de Malville et de Bugey;Indépendant/micro-partis;
Association pour la défense de l'environnement et de lutte contre la pollution;Indépendant/micro-partis;
Mouvement des gaullistes de gauche;Indépendant/micro-partis;
bio-humaniste;Indépendant/micro-partis;
Mouvement démocratique et socialiste de France;Indépendant/micro-partis;
Comité radical et radical-socialiste;Indépendant/micro-partis;
Rassemblement anti-nucléaire et écologique du Nord Cotentin;Indépendant/micro-partis;
Manche-Sud écologie;Indépendant/micro-partis;
Partis de la majorité;Indépendant/micro-partis;
radical giscardien;Indépendant/micro-partis;
Mouvement de la jeunesse communiste de France;Indépendant/micro-partis;
républicain giscardien;Indépendant/micro-partis;
Comité national Antimafia;Indépendant/micro-partis;
Rassemblement des indépendants pour la majorité nouvelle;Indépendant/micro-partis;
Fédération libérale des Hauts-de-Seine;Indépendant/micro-partis;
Sociaux-Démocrates;Indépendant/micro-partis;
gaulliste majoritaire;Indépendant/micro-partis;
Mouvement socialiste;Indépendant/micro-partis;
droite libérale indépendante;Indépendant/micro-partis;
Fédération française de démocratie chrétienne;Indépendant/micro-partis;
Jeunes Démocrates;Indépendant/micro-partis;
Mouvement pour l'indépendance de l'Europe;Indépendant/micro-partis;
gaulliste d'opposition;Indépendant/micro-partis;
Carrefours Société Nouvelle;Indépendant/micro-partis;
Rassemblement des usagers et contribuables;Indépendant/micro-partis;
Gauche socialiste et démocrate;Indépendant/micro-partis;
non politisé;Indépendant/micro-partis;
Société pour l'environnement de la région de Compiègne;Indépendant/micro-partis;
Société pour la protection de la forêt de Compiègne;Indépendant/micro-partis;
Fédération Vallée de la Lys-Nature;Indépendant/micro-partis;
Fédération Nord-Nature;Indépendant/micro-partis;
partis de la majorité;Indépendant/micro-partis;
Groupe non-violent Louis-Lecoin;Indépendant/micro-partis;
Rassemblement des gaullistes libres;Indépendant/micro-partis;
centristes de progrès démocrates socialistes;Indépendant/micro-partis;
Génération sociale et libérale;Indépendant/micro-partis;
Initiative socialiste;Indépendant/micro-partis;
Abertzale socialiste;Indépendant/micro-partis;
Comité unitaire autogestionnaire;Indépendant/micro-partis;
Collectif des anciens engagés;Indépendant/micro-partis;
Démocratie chrétienne de France;Indépendant/micro-partis;
Témoignage chrétien;Indépendant/micro-partis;
Association des gaullistes de Bretagne et Sarthe;Indépendant/micro-partis;
socialiste non inscrit;Indépendant/micro-partis;
Parti national breton;Indépendant/micro-partis;
Organisation communiste bolchevik;Indépendant/micro-partis;
Rassemblement et coordination unitaire des rapatriés et spoliés d'Outre-Mer;Indépendant/micro-partis;
Action municipale et sociale;Indépendant/micro-partis;
Union des jeunes communistes;Indépendant/micro-partis;
gaulliste Ve République;Indépendant/micro-partis;
Condition masculine;Indépendant/micro-partis;
Comité d'action gaulliste;Indépendant/micro-partis;
Gaulliste de progrès et d'action sociale;Indépendant/micro-partis;
Association pour la Ve République;Indépendant/micro-partis;
Association nationale d'action pour la fidélité au général de Gaulle;Indépendant/micro-partis;
Union républicaine démocratique;Indépendant/micro-partis;
Association pour la défense des institutions dans l'intérêt supérieur de la France pour l'épanouissement de la famille;Indépendant/micro-partis;
Centristes Duhamel;Indépendant/micro-partis;
Giscardiens;Indépendant/micro-partis;
Centre National;Indépendant/micro-partis;
sociaux-démocrates;Indépendant/micro-partis;
Comité d'action centriste et républicaine;Indépendant/micro-partis;
Comité pour un Nouveau contrat social;Indépendant/micro-partis;
Mouvement socialiste pour la participation;Indépendant/micro-partis;
Union centriste du XVIIIe;Indépendant/micro-partis;
centristes de la majorité;Indépendant/micro-partis;
Fédération Rhône-Alpes des gaullistes de gauche;Indépendant/micro-partis;
Clubs Démocratie nouvelle;Indépendant/micro-partis;
Mouvement des démocrates Ve;Indépendant/micro-partis;
écologistes indépendants;Indépendant/micro-partis;
Commission Lip;Indépendant/micro-partis;
Femmes du 7e;Indépendant/micro-partis;
Socialistes-démocrates;Indépendant/micro-partis;
Ecologie 1234;Indépendant/micro-partis;
Radicaux et radicaux-socialistes;Indépendant/micro-partis;
Rassemblement des usagers des services publics des contribuables et des groupements de défense;Indépendant/micro-partis;
Comité d'action autogestionnaire et écologique;Indépendant/micro-partis;
Gauche socialiste et radicale;Indépendant/micro-partis;
Association écologique brayonne;Indépendant/micro-partis;
Mouvement pour la défense énergique du bien-être des individus et des loisirs;Indépendant/micro-partis;
Comité de défense contre l'autoroute A15;Indépendant/micro-partis;
Union des démocrates pour la Cinquième République;Indépendant/micro-partis;
Monde-Opinion;Indépendant/micro-partis;
Confédération générale des petites et moyennes entreprises;Indépendant/micro-partis;
Confédération générale des cadres;Indépendant/micro-partis;
Comité d'études économiques;Indépendant/micro-partis;
Comités écologiques;Indépendant/micro-partis;
Carrefour Ve;Indépendant/micro-partis;
Parti européen;Indépendant/micro-partis;
Association Castres écologie;Indépendant/micro-partis;
républicaine socialiste;Indépendant/micro-partis;
Civisme et progrès;Indépendant/micro-partis;
Association démocratie française;Indépendant/micro-partis;
libéraux humanistes régionalistes;Indépendant/micro-partis;
Union pour la liberté;Indépendant/micro-partis;
Cartel du respect de la vie;Indépendant/micro-partis;
Union nationale pour l'avenir de la médecine;Indépendant/micro-partis;
Comités anti-bruit;Indépendant/micro-partis;
Mouvement des gaullistes d'opposition;Indépendant/micro-partis;
Mouvement d'action pour le renouveau du Sud de l'Essonne;Indépendant/micro-partis;
Union gaulliste de l'Yonne;Indépendant/micro-partis;
Initiative républicaine socialiste;Indépendant/micro-partis;
contestataire;Indépendant/micro-partis;
Parti nationaliste révolutionnaire;Indépendant/micro-partis;
Comité anti-outspan;Indépendant/micro-partis;
Comité local des objecteurs;Indépendant/micro-partis;
réformiste;Indépendant/micro-partis;
Groupe autogestionnaire;Indépendant/micro-partis;
Groupe socialiste autogestionnaire;Indépendant/micro-partis;
Comité national des classes moyennes;Indépendant/micro-partis;
Comité national de soutien à l'action du Président de la République;Indépendant/micro-partis;
Comité pour une candidature unitaire des révolutionnaires;Indépendant/micro-partis;
Comité autogestionnaire 93;Indépendant/micro-partis;
Association Montreuil écologie;Indépendant/micro-partis;
Groupe autogestion de Clamart;Indépendant/micro-partis;
Comité des gaullistes d'opposition;Indépendant/micro-partis;
Boulogne-Billancourt écologie;Indépendant/micro-partis;
Comité radical-socialiste;Indépendant/micro-partis;
centristes radicaux-socialistes;Indépendant/micro-partis;
Mouvement d'action écopolitique;Indépendant/micro-partis;
Union des étudiants communistes;Indépendant/micro-partis;
Groupement des associations de défense du Val d'Oise;Indépendant/micro-partis;
Mouvement de défense des libertés individuelles;Indépendant/micro-partis;
Avenir et liberté;Indépendant/micro-partis;
Groupes d'action municipale;Indépendant/micro-partis;
Groupes d'actions municipales;Indépendant/micro-partis;
mouvements écologiques;Indépendant/micro-partis;
Collectifs Antinucléaire 94;Indépendant/micro-partis;
Joinville au Féminin;Indépendant/micro-partis;
Vivre à Joinville;Indépendant/micro-partis;
républicain démocrate social;Indépendant/micro-partis;
Avenir écologique des bords de Marne et Seine;Indépendant/micro-partis;
Alfort au Féminin;Indépendant/micro-partis;
Gauche démocrate socialiste;Indépendant/micro-partis;
Organisation communiste de France marxiste-léniniste;Indépendant/micro-partis;
Ia ora o Polynesia;Indépendant/micro-partis;
Taatiraa Polynesia;Indépendant/micro-partis;
socialisme libéral;Indépendant/micro-partis;
pas de parti politique;Indépendant/micro-partis;
républicain radical;Indépendant/micro-partis;
Oeuvre française;Indépendant/micro-partis;
Comité d'action sociale des commerçants artisans petites entreprises et classes moyennes;Indépendant/micro-partis;
Objectif socialiste;Indépendant/micro-partis;
Centre droite-socialiste;Indépendant/micro-partis;
Choisir;Indépendant/micro-partis;
indépendants de gauche;Indépendant/micro-partis;
radicale;Indépendant/micro-partis;
Association de défense des victimes des procédures civiles pénales et administratives;Indépendant/micro-partis;
Association Albertine-Sarrazin;Indépendant/micro-partis;
Projet Alter Breton;Indépendant/micro-partis;
indépendante;Indépendant/micro-partis;
Centre social français;Indépendant/micro-partis;
Union des gaullistes de gauche;Indépendant/micro-partis;
Europe environnement;Indépendant/micro-partis;
communiste démocratique;Indépendant/micro-partis;
Mouvement socialiste populaire;Indépendant/micro-partis;
Fédération des socialistes démocrates;Indépendant/micro-partis;
Tahoeraa huiraatira;Indépendant/micro-partis;
Convention des institutions républicaines;Indépendant/micro-partis;
Mouvement de la gauche socialiste et démocratique;Indépendant/micro-partis;
écologistes indépendants des partis;Indépendant/micro-partis;
Mouvement démocrate;Indépendant/micro-partis;
Mouvement socialiste occitan Volem viure au païs;Indépendant/micro-partis;
centriste de progrès et de justice sociale;Indépendant/micro-partis;
Mouvement de la gauche libérale;Indépendant/micro-partis;
Convergence autogestionnaire et écologique;Indépendant/micro-partis;
Organisation communiste de France démocratique;Indépendant/micro-partis;
Organisations chrétiennes;Indépendant/micro-partis;
Cercle écologique des Hauts-de-Gironde;Indépendant/micro-partis;
Parti démocrate chrétien;Indépendant/micro-partis;
Mouvement d'écologie politique;Indépendant/micro-partis;
Nord-Ecologie;Indépendant/micro-partis;
Section régionale des Femmes pour la paix;Indépendant/micro-partis;
Comité de défense des droits du piéton;Indépendant/micro-partis;
Comité anti poids lourds Nord;Indépendant/micro-partis;
Mouvement écologique du Nord;Indépendant/micro-partis;
Parti libéral pour la démocratie française;Indépendant/micro-partis;
Jeunes giscardiens;Indépendant/micro-partis;
Mouvement des jeunes giscardiens;Indépendant/micro-partis;
Mouvement pour la France;Indépendant/micro-partis;
gauche libérale et écologiste;Indépendant/micro-partis;
Comité national des gaullistes de gauche;Indépendant/micro-partis;
aucun parti;Indépendant/micro-partis;
Union pour Paris;Indépendant/micro-partis;
Mouvement autonome solidarité sauvegarde espoir;Indépendant/micro-partis;
centre-centre gauche;Indépendant/micro-partis;
Mouvement populaire alsacien;Indépendant/micro-partis;
Mouvement social-chrétien;Indépendant/micro-partis;
Mouvement de solidarité avec le Tiers Monde;Indépendant/micro-partis;
giscardien déçu;Indépendant/micro-partis;
Verts indépendants;Indépendant/micro-partis;
Esquerra catalana dels treballadors;Indépendant/micro-partis;
radicaux-écologistes;Indépendant/micro-partis;
Mouvement populiste français;Indépendant/micro-partis;
Association nationale Pétain-Verdun;Indépendant/micro-partis;
giscardien;Indépendant/micro-partis;
gaullistes de la majorité présidentielle;Indépendant/micro-partis;
Responsabilités partagées;Indépendant/micro-partis;
Volem viure au pais movement socialista e autonomista occitan;Indépendant/micro-partis;
Comité antinucléaire de Golfech;Indépendant/micro-partis;
Elus gaullistes du progrès;Indépendant/micro-partis;
Amis de la Vallée de la Seine;Indépendant/micro-partis;
Démocratie socialiste;Indépendant/micro-partis;
communiste critique;Indépendant/micro-partis;
chiraquien;Indépendant/micro-partis;
centre libéral;Indépendant/micro-partis;
centre libéral indépendant;Indépendant/micro-partis;
chiraquien indépendant;Indépendant/micro-partis;
droite libérale tendance giscardienne;Indépendant/micro-partis;
socialiste chrétien;Indépendant/micro-partis;
radical-socialiste réformateur;Indépendant/micro-partis;
Mouvement de défense de l'exploitation familiale;Indépendant/micro-partis;
Syndicat national des instituteurs;Indépendant/micro-partis;
Protection contre les rayons ionisants;Indépendant/micro-partis;
Voie de la Paix;Indépendant/micro-partis;
Défense des droits des citoyens;Indépendant/micro-partis;
Famille des victimes de St-Laurent-du-Pont;Indépendant/micro-partis;
Groupement d'action judiciaire;Indépendant/micro-partis;
Socialisme et démocratie;Indépendant/micro-partis;
Ecologie et survie;Indépendant/micro-partis;
Mouvement des humanistes vrais des républicains sincères et des progressistes modérés;Indépendant/micro-partis;
Centre Progrès et Démocratie moderne;Indépendant/micro-partis;
Républicains indépendants giscardiens;Indépendant/micro-partis;
Rassemblement des démocrates chrétiens;Indépendant/micro-partis;
Autogestion écologie 85;Indépendant/micro-partis;
Terre prochaine;Indépendant/micro-partis;
Parti socialiste guyanais;Indépendant/micro-partis;
Parti de l'arbre;Indépendant/micro-partis;
EDEN;Indépendant/micro-partis;
Mouvement socialiste-démocrate européen;Indépendant/micro-partis;
Organisation communiste de France;Indépendant/micro-partis;
droite autonome;Indépendant/micro-partis;
Groupement Thémis;Indépendant/micro-partis;
Parti des chômeurs et des mécontents;Indépendant/micro-partis;
Entente pour la démocratie et l'écologie en Normandie;Indépendant/micro-partis;
Comité d'urgence anti-répression homosexuelle;Indépendant/micro-partis;
Comité homosexuel de l'Ouest parisien;Indépendant/micro-partis;
Comité anti-raciste de Nanterre;Indépendant/micro-partis;
Mouvement écologiste;Indépendant/micro-partis;
Mouvement liberté légalité;Indépendant/micro-partis;
Républicains et démocrates de progrès;Indépendant/micro-partis;
républicaine démocrate;Indépendant/micro-partis;
Parti républicain valoisien;Indépendant/micro-partis;
Font indépendantiste;Indépendant/micro-partis;
Comité socialiste calédonien;Indépendant/micro-partis;
Pourquoi pas Le Havre;Indépendant/micro-partis;
Parti socialiste calédonien;Indépendant/micro-partis;
Front uni de libération kanak;Indépendant/micro-partis;
Libération Kanak socialiste;Indépendant/micro-partis;
confédération A29;Indépendant/micro-partis;
PROMESSE;Indépendant/micro-partis;
Alliance rouge et verte;Indépendant/micro-partis;
Emgann;Indépendant/micro-partis;
Egalité XXe;Indépendant/micro-partis;
Fédération départementale des indépendants de Charente-Maritime;Indépendant/micro-partis;
Contre le vote des immigrés;Indépendant/micro-partis;
libre divers droite;Indépendant/micro-partis;
Mouvement aixois des indépendants et libéraux;Indépendant/micro-partis;
radical;Indépendant/micro-partis;
Groupe socialiste internationaliste;Indépendant/micro-partis;
Nouvelle génération;Indépendant/micro-partis;
Parti humaniste;Indépendant/micro-partis;
Union libérale de progrès;Indépendant/micro-partis;
communiste révolutionnaire trotskyste;Indépendant/micro-partis;
Front uni de soutien au Sud-Vietnam;Indépendant/micro-partis;
Esquerra Catalana dels Treballadors;Indépendant/micro-partis;
Parti fédéraliste européen de Catalogne;Indépendant/micro-partis;
Accio régionalista catalana;Indépendant/micro-partis;
Dem Ve;Indépendant/micro-partis;
Gauche européenne;Indépendant/micro-partis;
Front Nord anti-communiste;Indépendant/micro-partis;
Mouvement fédéraliste européen;Indépendant/micro-partis;
Démocrates chrétiens Ve République;Indépendant/micro-partis;
Contre révolution en France;Indépendant/micro-partis;
Front français;Indépendant/micro-partis;
Sos contre la corruption;Indépendant/micro-partis;
Convergence des pays de Siagne;Indépendant/micro-partis;
Alternatives écologiques;Indépendant/micro-partis;
Entente libérale libertaire européenne;Indépendant/micro-partis;
Comité départemental de soutien à François Mitterrand;Indépendant/micro-partis;
Comités d'initiative pour une nouvelle politique de gauche;Indépendant/micro-partis;
modérés;Indépendant/micro-partis;
indépendant divers droite gaulliste;Indépendant/micro-partis;
centriste démocrate indépendant;Indépendant/micro-partis;
Ligue trotskyste;Indépendant/micro-partis;
Trop d'immigrés la France aux français;Indépendant/micro-partis;
Union des centristes de France;Indépendant/micro-partis;
Parti radical-socialiste valoisien;Indépendant/micro-partis;
Républicain indépendant démocrate;Indépendant/micro-partis;
Racines du futur;Indépendant/micro-partis;
Vida Nova;Indépendant/micro-partis;
Action française;Indépendant/micro-partis;
Véritable rassemblement de la population;Indépendant/micro-partis;
vert indépendant;Indépendant/micro-partis;
Démocrate;Indépendant/micro-partis;
Union monsoise d'action municipale et familiale;Indépendant/micro-partis;
Jeunes Indépendants;Indépendant/micro-partis;
socialisme;Indépendant/micro-partis;
radical-socialiste indépendant;Indépendant/micro-partis;
Parti démocrate socialiste;Indépendant/micro-partis;
gaullisme de gauche;Indépendant/micro-partis;
Comités anti-nucléaires;Indépendant/micro-partis;
Comité de soutien à l'action du président de la République;Indépendant/micro-partis;
Union nationale régionaliste;Indépendant/micro-partis;
Mouvement pour l'organisation de la Bretagne;Indépendant/micro-partis;
Union régionale d'action européenne;Indépendant/micro-partis;
Mouvement européen français;Indépendant/micro-partis;
Mouvement pour la géniocratie mondiale;Indépendant/micro-partis;
indépendantes;Indépendant/micro-partis;
Movement socialista occitan Volem viure al païs;Indépendant/micro-partis;
centriste gaulliste;Indépendant/micro-partis;
Seine-Saint-Denis autrement Ecologie 93;Indépendant/micro-partis;
Union centriste libérale;Indépendant/micro-partis;
Fédération nationale des Indépendants;Indépendant/micro-partis;
Nature et progrès;Indépendant/micro-partis;
Mouvement universel humanitaire du travail SOS chômage;Indépendant/micro-partis;
indépendant gaulliste;Indépendant/micro-partis;
mouvements occitanistes;Indépendant/micro-partis;
républicain indépendant;Indépendant/micro-partis;
Initiative démocratique de gauche;Indépendant/micro-partis;
Rassemblement des gaullistes de progrès;Indépendant/micro-partis;
Jeunes sociaux libéraux;Indépendant/micro-partis;
Archipel Demain;Indépendant/micro-partis;
Club Tocqueville;Indépendant/micro-partis;
Parti mystico-rationaliste guadeloupéen;Indépendant/micro-partis;
Val-de-Marne écologie;Indépendant/micro-partis;
humaniste;Indépendant/micro-partis;
Gauche Ve République;Indépendant/micro-partis;
Comité d'action régionale;Indépendant/micro-partis;
mouvements de femmes;Indépendant/micro-partis;
Mouvement d'action non-violente;Indépendant/micro-partis;
Radicaux valoisiens;Indépendant/micro-partis;
socialiste humaniste;Indépendant/micro-partis;
Rassemblement démocratique pour l'avenir de la Corse;Indépendant/micro-partis;
Mouvement républicain populaire;Indépendant/micro-partis;
Union démocrate Ve République;Indépendant/micro-partis;
Parti des radicaux modérés;Indépendant/micro-partis;
Morlaix écologie;Indépendant/micro-partis;
Mouvement européen économique et social;Indépendant/micro-partis;
Ve République;Indépendant/micro-partis;
Verts autonomes;Indépendant/micro-partis;
Rassemblement niçois;Indépendant/micro-partis;
Centrisme-Réformateur;Indépendant/micro-partis;
Centre Démocratie et Progrès et Démocratie moderne;Indépendant/micro-partis;
Indépendants et Paysans;Indépendant/micro-partis;
Parti agraire et paysan;Indépendant/micro-partis;
Cercle réformateur;Indépendant/micro-partis;
Parti républicain radical et radical-socialiste;Indépendant/micro-partis;
Mouvement national des élus locaux;Indépendant/micro-partis;
Union nationale des travailleurs indépendants;Indépendant/micro-partis;
Mouvement pour la justice et la liberté;Indépendant/micro-partis;
Association pour de nouvelles perspectives à gauche;Indépendant/micro-partis;
Mouvement des démocrates libéraux;Indépendant/micro-partis;
Action et fidélité gaulliste;Indépendant/micro-partis;
Front Nord Anti-communiste;Indépendant/micro-partis;
Ligue pour les libertés publiques;Indépendant/micro-partis;
société civile;Indépendant/micro-partis;
républicain démocrate indépendant;Indépendant/micro-partis;
Ensemble aujourd'hui;Indépendant/micro-partis;
Comité défense droits constitutionnels;Indépendant/micro-partis;
Pour la France;Indépendant/micro-partis;
Parti de la politique inter-culturelle;Indépendant/micro-partis;
Convergence;Indépendant/micro-partis;
fédéraliste occitan et européen;Indépendant/micro-partis;
contre les partis politiques;Indépendant/micro-partis;
Groupe union et défense;Indépendant/micro-partis;
Union progressiste;Indépendant/micro-partis;
Comité républicain;Indépendant/micro-partis;
libéraux socialistes européens;Indépendant/micro-partis;
Parti socialiste démocratique;Indépendant/micro-partis;
Club des Jacobins;Indépendant/micro-partis;
Ligue nationale pour la liberté des vaccinations;Indépendant/micro-partis;
droite libérale démocratique;Indépendant/micro-partis;
Agricultura Viva;Indépendant/micro-partis;
Fédération écologique girondine;Indépendant/micro-partis;
Biosphère pour demain;Indépendant/micro-partis;
Blanc c'est exprimé;Indépendant/micro-partis;
Forum progressiste;Indépendant/micro-partis;
France 16;Indépendant/micro-partis;
En Calvados l'écologie n'est pas à vendre;Indépendant/micro-partis;
Rassemblement des démocrates normands;Indépendant/micro-partis;
Mouvement national de lutte pour l'Environnement;Indépendant/micro-partis;
Convention générale de Bretagne;Indépendant/micro-partis;
Urbains gogologistes;Indépendant/micro-partis;
Association O comme Oxygène;Indépendant/micro-partis;
Mouvement rénovateur nouvelle génération;Indépendant/micro-partis;
Collectif aquitano-occitan pour le non à Maastricht;Indépendant/micro-partis;
Unitat d'Oc;Indépendant/micro-partis;
Parti radical transnational;Indépendant/micro-partis;
Arc en ciel;Indépendant/micro-partis;
UTILE;Indépendant/micro-partis;
Collectif Vraiment à gauche;Indépendant/micro-partis;
Solidarité environnement;Indépendant/micro-partis;
Académie Ausone;Indépendant/micro-partis;
Centristes de progrès;Indépendant/micro-partis;
Parti corse;Indépendant/micro-partis;
Action zoophile;Indépendant/micro-partis;
Académie des sciences humaines universelles;Indépendant/micro-partis;
gaulliste de gauche;Indépendant/micro-partis;
Club gardois des libéraux-sociaux;Indépendant/micro-partis;
Neuropédagogues girondins;Indépendant/micro-partis;
Citoyens actifs;Indépendant/micro-partis;
Amis saumurois de l'écologie;Indépendant/micro-partis;
Parti d'en rire;Indépendant/micro-partis;
Skyrock Quercy Rouergue;Indépendant/micro-partis;
Scouts européens d'Aquitaine;Indépendant/micro-partis;
A gauche autrement;Indépendant/micro-partis;
Association pour la défense de Bordeaux;Indépendant/micro-partis;
aucune formation politique;Indépendant/micro-partis;
espoirs 93;Indépendant/micro-partis;
Club des démocrates;Indépendant/micro-partis;
Comité pour l'union du Loir-et-Cher;Indépendant/micro-partis;
Ecologie alternatives autogestion;Indépendant/micro-partis;
radical réformateur;Indépendant/micro-partis;
Radicaux-Réformateurs;Indépendant/micro-partis;
Indépendant et Paysan;Indépendant/micro-partis;
Démocrates de Gauche;Indépendant/micro-partis;
Association des élus écologistes de l'Isère;Indépendant/micro-partis;
Mouvement France régions;Indépendant/micro-partis;
Mouvement écologique unifié;Indépendant/micro-partis;
droite modérée;Indépendant/micro-partis;
France Planète 21;Indépendant/micro-partis;
Groupe opposition nouvelle génération;Indépendant/micro-partis;
Fédération écologique des usagers et consommateurs;Indépendant/micro-partis;
Amicale gaulliste des Flandres;Indépendant/micro-partis;
Parti libre;Indépendant/micro-partis;
Ligue socialiste des travailleurs;Indépendant/micro-partis;
droite indépendante;Indépendant/micro-partis;
Entraide sociale bordelaise;Indépendant/micro-partis;
Comité national d'action contre le bruit;Indépendant/micro-partis;
formation politique;Indépendant/micro-partis;
Nature Environnement Santé;Indépendant/micro-partis;
droite démocratique;Indépendant/micro-partis;
Ras le bol;Indépendant/micro-partis;
Union du peuple alsacien;Indépendant/micro-partis;
Comité pour l'Europe des Patries;Indépendant/micro-partis;
Association pour le développement de la démocratie directe;Indépendant/micro-partis;
Fraternité française;Indépendant/micro-partis;
Cercle national des femmes d'Europe;Indépendant/micro-partis;
Mouvement des chrétiens pour la Ve République;Indépendant/micro-partis;
Jeunes Centre national des indépendants;Indépendant/micro-partis;
Cercle national des agriculteurs;Indépendant/micro-partis;
Cercle national des combattants;Indépendant/micro-partis;
Centre républicain pour une démocratie moderne;Indépendant/micro-partis;
mouvements écologistes;Indépendant/micro-partis;
Grenoble écologie;Indépendant/micro-partis;
Rassemblement républicain;Indépendant/micro-partis;
Esquerra republicana de Catalunya;Indépendant/micro-partis;
AVEC;Indépendant/micro-partis;
France Islam laïcité;Indépendant/micro-partis;
Cercle communautaire laïc juif;Indépendant/micro-partis;
Association pour la culture bretonne;Indépendant/micro-partis;
Cultures et laïcité;Indépendant/micro-partis;
VRAIS écologistes;Indépendant/micro-partis;
Ecologie solidarités;Indépendant/micro-partis;
Alliance libre européenne;Indépendant/micro-partis;
Mouvement région Savoie;Indépendant/micro-partis;
Parti breton;Indépendant/micro-partis;
Cahiers Occitanie rouge;Indépendant/micro-partis;
progressistes;Indépendant/micro-partis;
Comités pour l'autogestion;Indépendant/micro-partis;
droite libérale et républicaine;Indépendant/micro-partis;
Parti réformiste;Indépendant/micro-partis;
Parti démocrate;Indépendant/micro-partis;
Fédération des usagers des transports d'Ile-de-France;Indépendant/micro-partis;
non-violent;Indépendant/micro-partis;
Virage 93;Indépendant/micro-partis;
Unir et agir pour Gagny;Indépendant/micro-partis;
Gauche socialiste;Indépendant/micro-partis;
vert et rouge;Indépendant/micro-partis;
Alternative libertaire;Indépendant/micro-partis;
Union départementale d'opposition 93;Indépendant/micro-partis;
Jeunesse nationaliste révolutionnaire;Indépendant/micro-partis;
giscardien de progrès;Indépendant/micro-partis;
Mouvements gaullistes et démocrates;Indépendant/micro-partis;
Rassemblement des usagers des services publics et des contribuables;Indépendant/micro-partis;
Mouvements gaullistes et des démocrates;Indépendant/micro-partis;
Mouvement pour le désarmement la paix;Indépendant/micro-partis;
modéré;Indépendant/micro-partis;
Montagne sans frontière;Indépendant/micro-partis;
Centre chrétien populaire;Indépendant/micro-partis;
Rassemblement des républicains et des démocrates de progrès;Indépendant/micro-partis;
Union centriste républicaine indépendante;Indépendant/micro-partis;
Rencontres écologie et solidarités;Indépendant/micro-partis;
Centristes;Indépendant/micro-partis;
Mouvement républicain social et démocratique;Indépendant/micro-partis;
Mouvement rural de jeunesse chrétienne;Indépendant/micro-partis;
Centre démocratie et progrès;Indépendant/micro-partis;
Mouvement social démocrate de France;Indépendant/micro-partis;
Mouvement pour la condition masculine;Indépendant/micro-partis;
Mouvement d'écologie spirituelle;Indépendant/micro-partis;
Ecologie occitane;Indépendant/micro-partis;
Aix écologie;Indépendant/micro-partis;
Institut de recherche socialiste;Indépendant/micro-partis;
Comité d'action du Val-de-Marne contre le bruit;Indépendant/micro-partis;
